area,state,abbr,region,lon,lat,population,obesity,smoking,inactive,diabetes,mental,alcohol,risk_index,risk_burden,severe_outcomes
NSW Region 1,New South Wales,NSW,East,141.79,-34.17,559395,28.7,11.7,33.6,5.4,24.5,22.9,20.5,151851,11255
NSW Region 2,New South Wales,NSW,East,145.87,-31.23,884123,32.8,8.6,35.4,4.7,22.0,27.9,21.9,253466,19937
NSW Region 3,New South Wales,NSW,East,143.67,-30.11,327642,32.4,11.1,36.9,4.7,20.5,23.7,21.8,83786,6335
NSW Region 4,New South Wales,NSW,East,143.72,-37.13,462227,27.9,9.8,40.8,4.7,22.6,23.1,21.3,134687,10542
NSW Region 5,New South Wales,NSW,East,148.2,-35.82,227485,27.8,8.3,37.5,6.2,21.5,24.8,20.9,63943,3758
NSW Region 6,New South Wales,NSW,East,144.12,-32.31,205180,31.9,8.6,35.6,6.3,25.2,23.1,21.1,61493,6072
NSW Region 7,New South Wales,NSW,East,146.09,-29.31,276738,32.4,10.5,39.7,4.7,21.0,27.6,23.0,85072,5542
NSW Region 8,New South Wales,NSW,East,142.53,-30.93,645673,33.3,9.3,37.0,4.9,21.6,24.3,21.8,145818,10377
NSW Region 9,New South Wales,NSW,East,151.53,-34.25,1141848,32.7,9.0,39.4,5.3,20.3,28.2,22.9,314341,21195
NSW Region 10,New South Wales,NSW,East,141.44,-36.71,738462,33.6,9.0,33.9,6.3,19.9,28.1,22.2,250802,21897
NSW Region 11,New South Wales,NSW,East,149.58,-36.68,358696,32.0,12.2,36.3,4.8,22.4,23.2,21.7,81808,5420
NSW Region 12,New South Wales,NSW,East,142.48,-36.81,500245,33.0,9.6,40.6,4.8,23.4,27.0,23.0,176905,11900
NSW Region 13,New South Wales,NSW,East,145.92,-35.82,618158,32.1,8.3,39.7,4.9,18.9,23.5,21.7,173008,11695
NSW Region 14,New South Wales,NSW,East,152.12,-36.68,417143,31.4,12.0,33.7,6.3,24.5,25.7,21.8,116212,9486
VIC Region 1,Victoria,VIC,South-East,141.67,-37.19,808068,29.0,10.8,38.0,4.5,24.8,23.8,21.2,223429,14986
VIC Region 2,Victoria,VIC,South-East,147.17,-37.78,190607,28.5,11.2,38.0,5.4,25.9,21.3,20.9,55457,4017
VIC Region 3,Victoria,VIC,South-East,144.14,-36.65,329480,31.2,8.4,32.7,4.9,23.3,24.3,20.3,64912,5000
VIC Region 4,Victoria,VIC,South-East,144.48,-36.78,304835,28.5,11.0,33.7,4.7,21.0,21.8,19.9,97150,7759
VIC Region 5,Victoria,VIC,South-East,141.4,-38.69,539468,29.5,10.4,34.1,4.8,23.6,22.3,20.2,138243,11109
VIC Region 6,Victoria,VIC,South-East,148.91,-36.24,669505,27.3,8.8,34.6,5.7,26.5,25.8,20.4,203007,19093
VIC Region 7,Victoria,VIC,South-East,146.57,-37.29,448222,31.1,9.8,35.0,5.8,22.9,22.4,20.8,107915,7626
VIC Region 8,Victoria,VIC,South-East,146.7,-37.99,536123,29.7,9.0,33.6,5.3,21.5,25.4,20.6,149423,8218
VIC Region 9,Victoria,VIC,South-East,145.34,-36.4,502608,32.2,11.5,38.1,4.7,23.8,23.1,21.9,111528,7260
VIC Region 10,Victoria,VIC,South-East,141.57,-38.55,187935,30.5,8.0,37.9,4.8,23.7,21.5,20.5,38736,3043
VIC Region 11,Victoria,VIC,South-East,142.81,-37.16,753974,33.1,9.8,33.3,5.5,22.6,22.7,20.9,186767,12146
VIC Region 12,Victoria,VIC,South-East,143.6,-38.57,1444914,27.0,10.6,32.4,5.2,25.8,25.2,20.1,434957,34904
QLD Region 1,Queensland,QLD,North-East,141.26,-15.33,394362,32.4,11.8,41.1,5.8,22.2,27.1,23.6,145901,7952
QLD Region 2,Queensland,QLD,North-East,151.03,-11.52,565388,31.7,11.2,39.4,6.8,19.8,25.0,22.8,181620,14490
QLD Region 3,Queensland,QLD,North-East,139.76,-22.66,461345,36.5,12.1,38.8,6.3,24.6,27.1,24.2,174094,18105
QLD Region 4,Queensland,QLD,North-East,150.82,-23.9,759137,34.6,13.2,42.9,5.5,18.8,28.9,25.0,255873,15796
QLD Region 5,Queensland,QLD,North-East,147.0,-25.35,264482,31.1,12.1,41.3,6.0,24.6,24.1,22.9,66769,3958
QLD Region 6,Queensland,QLD,North-East,142.73,-20.46,672861,34.9,14.0,41.4,6.9,19.4,26.1,24.7,266950,21413
QLD Region 7,Queensland,QLD,North-East,139.37,-19.65,543611,37.5,12.6,37.1,6.3,24.5,25.9,23.9,128151,8366
QLD Region 8,Queensland,QLD,North-East,152.36,-22.4,120021,32.2,10.4,38.8,5.4,20.4,25.2,22.4,29277,2259
QLD Region 9,Queensland,QLD,North-East,149.01,-22.61,576046,37.2,12.7,35.3,6.5,19.7,24.1,23.2,133159,12889
QLD Region 10,Queensland,QLD,North-East,143.89,-17.34,570477,31.3,13.4,40.8,6.9,18.8,27.2,23.9,174915,18334
QLD Region 11,Queensland,QLD,North-East,146.38,-15.86,886173,34.4,14.2,35.4,7.0,20.4,26.5,23.5,237625,24377
QLD Region 12,Queensland,QLD,North-East,148.09,-14.98,1347406,32.4,11.4,38.7,5.3,24.5,26.2,22.8,486997,28013
SA Region 1,South Australia,SA,Central-South,129.64,-34.41,352435,29.4,11.1,37.1,6.7,25.8,27.3,22.3,121125,8208
SA Region 2,South Australia,SA,Central-South,130.96,-29.16,299212,33.6,10.9,36.2,6.7,20.8,26.9,22.9,87393,8118
SA Region 3,South Australia,SA,Central-South,134.63,-30.95,452658,32.6,12.1,37.8,6.4,23.7,23.5,22.5,145447,13357
SA Region 4,South Australia,SA,Central-South,131.02,-30.3,355013,29.9,11.0,40.2,6.3,20.1,24.5,22.4,107337,8622
SA Region 5,South Australia,SA,Central-South,138.1,-35.83,424330,35.9,11.7,34.1,5.5,24.1,22.1,21.9,152600,11871
SA Region 6,South Australia,SA,Central-South,134.79,-27.58,275715,32.9,12.6,37.0,6.4,20.6,27.5,23.3,89193,6533
SA Region 7,South Australia,SA,Central-South,134.49,-28.35,145776,35.7,13.4,36.0,6.4,23.5,26.5,23.6,34769,2681
WA Region 1,Western Australia,WA,West,120.57,-28.81,350819,31.1,12.4,38.8,5.4,18.2,29.0,23.3,121996,7932
WA Region 2,Western Australia,WA,West,119.41,-20.08,1243200,31.4,10.3,33.5,5.7,23.9,28.9,22.0,332723,26308
WA Region 3,Western Australia,WA,West,120.85,-22.44,267316,34.5,9.8,39.6,5.7,18.9,24.5,22.8,84028,4790
WA Region 4,Western Australia,WA,West,114.33,-27.32,632524,33.4,12.3,32.8,5.0,22.9,26.5,22.0,215490,11079
WA Region 5,Western Australia,WA,West,113.99,-18.42,348299,31.1,10.7,38.9,6.1,21.7,25.9,22.5,104524,6470
WA Region 6,Western Australia,WA,West,127.24,-32.15,275408,35.3,9.2,33.6,4.7,23.4,28.5,22.3,64566,3244
WA Region 7,Western Australia,WA,West,118.77,-16.45,772838,33.7,10.8,35.0,4.9,21.8,25.3,21.9,216893,12386
WA Region 8,Western Australia,WA,West,117.35,-31.42,452787,34.1,8.7,38.0,6.0,22.5,27.5,22.9,153248,15330
TAS Region 1,Tasmania,TAS,Island,144.98,-41.18,84740,33.3,12.8,37.2,6.5,26.6,27.2,23.4,19565,1848
TAS Region 2,Tasmania,TAS,Island,147.61,-43.05,161144,36.3,15.3,38.9,7.2,22.5,23.5,24.2,44682,2758
TAS Region 3,Tasmania,TAS,Island,147.69,-41.3,128237,35.7,14.5,41.6,6.1,26.0,23.8,24.3,32390,2765
TAS Region 4,Tasmania,TAS,Island,147.2,-41.53,241920,34.4,13.5,40.6,6.9,23.4,23.3,23.7,64744,4207
TAS Region 5,Tasmania,TAS,Island,146.04,-42.19,121267,38.3,13.0,41.2,6.0,27.6,25.6,24.8,39484,2500
NT Region 1,Northern Territory,NT,North,130.31,-21.64,37213,34.3,15.5,36.2,6.5,21.6,27.6,24.0,10044,1005
NT Region 2,Northern Territory,NT,North,129.68,-25.0,30000,38.8,13.8,35.9,7.8,19.6,29.1,25.1,7833,557
NT Region 3,Northern Territory,NT,North,130.85,-14.99,90999,32.5,16.9,38.7,7.0,18.6,32.5,25.5,30999,3286
NT Region 4,Northern Territory,NT,North,129.77,-19.74,47610,32.3,14.0,32.7,6.8,22.1,29.6,23.1,11471,765
NT Region 5,Northern Territory,NT,North,132.33,-17.55,46341,35.6,14.3,31.0,7.2,17.3,28.3,23.3,15076,1301
ACT Region 1,Australian Capital Territory,ACT,Capital,148.96,-35.52,195720,30.2,7.7,30.2,4.9,21.7,21.8,19.0,38596,2282
ACT Region 2,Australian Capital Territory,ACT,Capital,149.28,-35.68,192895,27.0,7.6,34.9,4.9,24.0,23.0,19.5,59640,4663
ACT Region 3,Australian Capital Territory,ACT,Capital,148.86,-35.71,105274,25.8,6.6,35.1,3.9,24.8,22.6,18.8,26505,1509
